Website,QR Code
https://www.gdscconnect.com/register/001,
https://www.gdscconnect.com/register/002,
https://www.gdscconnect.com/register/003,
https://www.gdscconnect.com/register/004,
https://www.gdscconnect.com/register/005,
https://www.gdscconnect.com/register/006,
https://www.gdscconnect.com/register/007,
https://www.gdscconnect.com/register/008,
https://www.gdscconnect.com/register/009,
https://www.gdscconnect.com/register/010,
https://www.gdscconnect.com/register/011,
https://www.gdscconnect.com/register/012,
https://www.gdscconnect.com/register/013,
https://www.gdscconnect.com/register/014,
https://www.gdscconnect.com/register/015,
https://www.gdscconnect.com/register/016,
https://www.gdscconnect.com/register/017,
https://www.gdscconnect.com/register/018,
https://www.gdscconnect.com/register/019,
https://www.gdscconnect.com/register/020,
https://www.gdscconnect.com/register/021,
https://www.gdscconnect.com/register/022,
https://www.gdscconnect.com/register/023,
https://www.gdscconnect.com/register/024,
https://www.gdscconnect.com/register/025,
https://www.gdscconnect.com/register/026,
https://www.gdscconnect.com/register/027,
https://www.gdscconnect.com/register/028,
https://www.gdscconnect.com/register/029,
https://www.gdscconnect.com/register/030,
https://www.gdscconnect.com/register/031,
https://www.gdscconnect.com/register/032,
https://www.gdscconnect.com/register/033,
https://www.gdscconnect.com/register/034,
https://www.gdscconnect.com/register/035,
https://www.gdscconnect.com/register/036,
https://www.gdscconnect.com/register/037,
https://www.gdscconnect.com/register/038,
https://www.gdscconnect.com/register/039,
https://www.gdscconnect.com/register/040,
https://www.gdscconnect.com/register/041,
https://www.gdscconnect.com/register/042,
https://www.gdscconnect.com/register/043,
https://www.gdscconnect.com/register/044,
https://www.gdscconnect.com/register/045,
https://www.gdscconnect.com/register/046,
https://www.gdscconnect.com/register/047,
https://www.gdscconnect.com/register/048,
https://www.gdscconnect.com/register/049,
https://www.gdscconnect.com/register/050,
https://www.gdscconnect.com/register/051,
https://www.gdscconnect.com/register/052,
https://www.gdscconnect.com/register/053,
https://www.gdscconnect.com/register/054,
https://www.gdscconnect.com/register/055,
https://www.gdscconnect.com/register/056,
https://www.gdscconnect.com/register/057,
https://www.gdscconnect.com/register/058,
https://www.gdscconnect.com/register/059,
https://www.gdscconnect.com/register/060,
https://www.gdscconnect.com/register/061,
https://www.gdscconnect.com/register/062,
https://www.gdscconnect.com/register/063,
https://www.gdscconnect.com/register/064,
https://www.gdscconnect.com/register/065,
https://www.gdscconnect.com/register/066,
https://www.gdscconnect.com/register/067,
https://www.gdscconnect.com/register/068,
https://www.gdscconnect.com/register/069,
https://www.gdscconnect.com/register/070,
https://www.gdscconnect.com/register/071,
https://www.gdscconnect.com/register/072,
https://www.gdscconnect.com/register/073,
https://www.gdscconnect.com/register/074,
https://www.gdscconnect.com/register/075,
https://www.gdscconnect.com/register/076,
https://www.gdscconnect.com/register/077,
https://www.gdscconnect.com/register/078,
https://www.gdscconnect.com/register/079,
https://www.gdscconnect.com/register/080,
https://www.gdscconnect.com/register/081,
https://www.gdscconnect.com/register/082,
https://www.gdscconnect.com/register/083,
https://www.gdscconnect.com/register/084,
https://www.gdscconnect.com/register/085,
https://www.gdscconnect.com/register/086,
https://www.gdscconnect.com/register/087,
https://www.gdscconnect.com/register/088,
https://www.gdscconnect.com/register/089,
https://www.gdscconnect.com/register/090,
https://www.gdscconnect.com/register/091,
https://www.gdscconnect.com/register/092,
https://www.gdscconnect.com/register/093,
https://www.gdscconnect.com/register/094,
https://www.gdscconnect.com/register/095,
https://www.gdscconnect.com/register/096,
https://www.gdscconnect.com/register/097,
https://www.gdscconnect.com/register/098,
https://www.gdscconnect.com/register/099,
https://www.gdscconnect.com/register/100,
https://www.gdscconnect.com/register/101,
https://www.gdscconnect.com/register/102,
https://www.gdscconnect.com/register/103,
https://www.gdscconnect.com/register/104,
https://www.gdscconnect.com/register/105,
https://www.gdscconnect.com/register/106,
https://www.gdscconnect.com/register/107,
https://www.gdscconnect.com/register/108,
https://www.gdscconnect.com/register/109,
https://www.gdscconnect.com/register/110,
https://www.gdscconnect.com/register/111,
https://www.gdscconnect.com/register/112,
https://www.gdscconnect.com/register/113,
https://www.gdscconnect.com/register/114,
https://www.gdscconnect.com/register/115,
https://www.gdscconnect.com/register/116,
https://www.gdscconnect.com/register/117,
https://www.gdscconnect.com/register/118,
https://www.gdscconnect.com/register/119,
https://www.gdscconnect.com/register/120,
https://www.gdscconnect.com/register/121,
https://www.gdscconnect.com/register/122,
https://www.gdscconnect.com/register/123,
https://www.gdscconnect.com/register/124,
https://www.gdscconnect.com/register/125,
https://www.gdscconnect.com/register/126,
https://www.gdscconnect.com/register/127,
https://www.gdscconnect.com/register/128,
https://www.gdscconnect.com/register/129,
https://www.gdscconnect.com/register/130,
https://www.gdscconnect.com/register/131,
https://www.gdscconnect.com/register/132,
https://www.gdscconnect.com/register/133,
https://www.gdscconnect.com/register/134,
https://www.gdscconnect.com/register/135,
https://www.gdscconnect.com/register/136,
https://www.gdscconnect.com/register/137,
https://www.gdscconnect.com/register/138,
https://www.gdscconnect.com/register/139,
https://www.gdscconnect.com/register/140,
https://www.gdscconnect.com/register/141,
https://www.gdscconnect.com/register/142,
https://www.gdscconnect.com/register/143,
https://www.gdscconnect.com/register/144,
https://www.gdscconnect.com/register/145,
https://www.gdscconnect.com/register/146,
https://www.gdscconnect.com/register/147,
https://www.gdscconnect.com/register/148,
https://www.gdscconnect.com/register/149,
https://www.gdscconnect.com/register/150,
https://www.gdscconnect.com/register/151,
https://www.gdscconnect.com/register/152,
https://www.gdscconnect.com/register/153,
https://www.gdscconnect.com/register/154,
https://www.gdscconnect.com/register/155,
https://www.gdscconnect.com/register/156,
https://www.gdscconnect.com/register/157,
https://www.gdscconnect.com/register/158,
https://www.gdscconnect.com/register/159,
https://www.gdscconnect.com/register/160,
https://www.gdscconnect.com/register/161,
https://www.gdscconnect.com/register/162,
https://www.gdscconnect.com/register/163,
https://www.gdscconnect.com/register/164,
https://www.gdscconnect.com/register/165,
https://www.gdscconnect.com/register/166,
https://www.gdscconnect.com/register/167,
https://www.gdscconnect.com/register/168,
https://www.gdscconnect.com/register/169,
https://www.gdscconnect.com/register/170,
https://www.gdscconnect.com/register/171,
https://www.gdscconnect.com/register/172,
https://www.gdscconnect.com/register/173,
https://www.gdscconnect.com/register/174,
https://www.gdscconnect.com/register/175,
https://www.gdscconnect.com/register/176,
https://www.gdscconnect.com/register/177,
https://www.gdscconnect.com/register/178,
https://www.gdscconnect.com/register/179,
https://www.gdscconnect.com/register/180,
https://www.gdscconnect.com/register/181,
https://www.gdscconnect.com/register/182,
https://www.gdscconnect.com/register/183,
https://www.gdscconnect.com/register/184,
https://www.gdscconnect.com/register/185,
https://www.gdscconnect.com/register/186,
https://www.gdscconnect.com/register/187,
https://www.gdscconnect.com/register/188,
https://www.gdscconnect.com/register/189,
https://www.gdscconnect.com/register/190,
https://www.gdscconnect.com/register/191,
https://www.gdscconnect.com/register/192,
https://www.gdscconnect.com/register/193,
https://www.gdscconnect.com/register/194,
https://www.gdscconnect.com/register/195,
https://www.gdscconnect.com/register/196,
https://www.gdscconnect.com/register/197,
https://www.gdscconnect.com/register/198,
https://www.gdscconnect.com/register/199,
https://www.gdscconnect.com/register/200,
https://www.gdscconnect.com/register/201,
https://www.gdscconnect.com/register/202,
https://www.gdscconnect.com/register/203,
https://www.gdscconnect.com/register/204,
https://www.gdscconnect.com/register/205,
https://www.gdscconnect.com/register/206,
https://www.gdscconnect.com/register/207,
https://www.gdscconnect.com/register/208,
https://www.gdscconnect.com/register/209,
https://www.gdscconnect.com/register/210,
https://www.gdscconnect.com/register/211,
https://www.gdscconnect.com/register/212,
https://www.gdscconnect.com/register/213,
https://www.gdscconnect.com/register/214,
https://www.gdscconnect.com/register/215,
https://www.gdscconnect.com/register/216,
https://www.gdscconnect.com/register/217,
https://www.gdscconnect.com/register/218,
https://www.gdscconnect.com/register/219,
https://www.gdscconnect.com/register/220,
https://www.gdscconnect.com/register/221,
https://www.gdscconnect.com/register/222,
https://www.gdscconnect.com/register/223,
https://www.gdscconnect.com/register/224,
https://www.gdscconnect.com/register/225,
https://www.gdscconnect.com/register/226,
https://www.gdscconnect.com/register/227,
https://www.gdscconnect.com/register/228,
https://www.gdscconnect.com/register/229,
https://www.gdscconnect.com/register/230,
https://www.gdscconnect.com/register/231,
https://www.gdscconnect.com/register/232,
https://www.gdscconnect.com/register/233,
https://www.gdscconnect.com/register/234,
https://www.gdscconnect.com/register/235,
https://www.gdscconnect.com/register/236,
https://www.gdscconnect.com/register/237,
https://www.gdscconnect.com/register/238,
https://www.gdscconnect.com/register/239,
https://www.gdscconnect.com/register/240,
https://www.gdscconnect.com/register/241,
https://www.gdscconnect.com/register/242,
https://www.gdscconnect.com/register/243,
https://www.gdscconnect.com/register/244,
https://www.gdscconnect.com/register/245,
https://www.gdscconnect.com/register/246,
https://www.gdscconnect.com/register/247,
https://www.gdscconnect.com/register/248,
https://www.gdscconnect.com/register/249,
https://www.gdscconnect.com/register/250,